{
  "project_info": {
    "project_number": "163830293317",
    "project_id": "easytech-bfef2",
    "storage_bucket": "easytech-bfef2.appspot.com"
  },
  "client": [
    {
      "client_info": {
        "mobilesdk_app_id": "1:163830293317:android:b23989795ef82bebf2542c",
        "android_client_info": {
          "package_name": "com.example.week6_starter"
        }
      },
      "oauth_client": [
        {
          "client_id": "163830293317-n733keirvrhhm0q6lq1dm609d82nncnp.apps.googleusercontent.com",
          "client_type": 3
        }
      ],
      "api_key": [
        {
          "current_key": "AIzaSyCYNCDTs_Bcs_XJQcMylaThHEZG5Mc73EQ"
        }
      ],
      "services": {
        "appinvite_service": {
          "other_platform_oauth_client": [
            {
              "client_id": "163830293317-n733keirvrhhm0q6lq1dm609d82nncnp.apps.googleusercontent.com",
              "client_type": 3
            }
          ]
        }
      }
    }
  ],
  "configuration_version": "1"
}